race_id,race_name,circuit,qualifying_position,driver_name,team,nationality,car_number,q1_time,q2_time,q3_time,best_time,gap_to_pole,eliminated_in
1,Bahrain Grand Prix,Bahrain International Circuit,1,Lewis Hamilton,Mercedes,GBR,44,1:40.335,1:39.244,1:39.103,1:39.103,Pole,Q3
1,Bahrain Grand Prix,Bahrain International Circuit,2,Charles Leclerc,Ferrari,MON,16,1:39.750,1:40.523,1:39.913,1:39.913,+0.913,Q3
1,Bahrain Grand Prix,Bahrain International Circuit,3,George Russell,Mercedes,GBR,63,1:39.936,1:40.608,1:39.452,1:39.452,+0.452,Q3
1,Bahrain Grand Prix,Bahrain International Circuit,4,Carlos Sainz,Ferrari,ESP,55,1:42.093,1:39.817,1:39.835,1:39.835,+0.835,Q3
1,Bahrain Grand Prix,Bahrain International Circuit,5,Sergio Perez,Red Bull Racing,MEX,11,1:40.846,1:40.489,1:39.917,1:39.917,+0.917,Q3
1,Bahrain Grand Prix,Bahrain International Circuit,6,Max Verstappen,Red Bull Racing,NED,1,1:42.173,1:39.476,1:39.571,1:39.571,+0.571,Q3
1,Bahrain Grand Prix,Bahrain International Circuit,7,Pierre Gasly,Alpine,FRA,10,1:40.281,1:39.904,1:39.843,1:39.843,+0.843,Q3
1,Bahrain Grand Prix,Bahrain International Circuit,8,Oscar Piastri,McLaren,AUS,81,1:41.776,1:39.637,1:39.412,1:39.412,+0.412,Q3
1,Bahrain Grand Prix,Bahrain International Circuit,9,Esteban Ocon,Alpine,FRA,31,1:39.907,1:39.867,1:39.516,1:39.516,+0.516,Q3
1,Bahrain Grand Prix,Bahrain International Circuit,10,Lando Norris,McLaren,GBR,4,1:41.754,1:39.991,1:40.419,1:40.419,+1.419,Q3
1,Bahrain Grand Prix,Bahrain International Circuit,11,Fernando Alonso,Aston Martin,ESP,14,1:40.181,1:40.720,,1:40.720,+1.720,Q2
1,Bahrain Grand Prix,Bahrain International Circuit,12,Lance Stroll,Aston Martin,CAN,18,1:41.452,1:41.543,,1:41.543,+2.543,Q2
1,Bahrain Grand Prix,Bahrain International Circuit,13,Valtteri Bottas,Kick Sauber,FIN,77,1:42.773,1:41.328,,1:41.328,+2.328,Q2
1,Bahrain Grand Prix,Bahrain International Circuit,14,Nico Hulkenberg,Haas,GER,27,1:42.067,1:41.892,,1:41.892,+2.892,Q2
1,Bahrain Grand Prix,Bahrain International Circuit,15,Kevin Magnussen,Haas,DEN,20,1:41.776,1:41.411,,1:41.411,+2.411,Q2
1,Bahrain Grand Prix,Bahrain International Circuit,16,Logan Sargeant,Williams,USA,2,1:42.748,,,1:42.748,+3.748,Q1
1,Bahrain Grand Prix,Bahrain International Circuit,17,Alex Albon,Williams,THA,23,1:42.014,,,1:42.014,+3.014,Q1
1,Bahrain Grand Prix,Bahrain International Circuit,18,Daniel Ricciardo,RB,AUS,3,1:43.335,,,1:43.335,+4.335,Q1
1,Bahrain Grand Prix,Bahrain International Circuit,19,Zhou Guanyu,Kick Sauber,CHN,24,1:41.720,,,1:41.720,+2.720,Q1
1,Bahrain Grand Prix,Bahrain International Circuit,20,Yuki Tsunoda,RB,JPN,22,1:41.239,,,1:41.239,+2.239,Q1
2,Saudi Arabian Grand Prix,Jeddah Corniche Circuit,1,Charles Leclerc,Ferrari,MON,16,1:39.528,1:39.873,1:40.460,1:40.460,Pole,Q3
2,Saudi Arabian Grand Prix,Jeddah Corniche Circuit,2,George Russell,Mercedes,GBR,63,1:41.869,1:40.138,1:39.156,1:39.156,+0.156,Q3
2,Saudi Arabian Grand Prix,Jeddah Corniche Circuit,3,Max Verstappen,Red Bull Racing,NED,1,1:41.382,1:41.156,1:39.911,1:39.911,+0.911,Q3
2,Saudi Arabian Grand Prix,Jeddah Corniche Circuit,4,Sergio Perez,Red Bull Racing,MEX,11,1:42.213,1:39.999,1:39.524,1:39.524,+0.524,Q3
2,Saudi Arabian Grand Prix,Jeddah Corniche Circuit,5,Carlos Sainz,Ferrari,ESP,55,1:41.419,1:40.241,1:39.595,1:39.595,+0.595,Q3
2,Saudi Arabian Grand Prix,Jeddah Corniche Circuit,6,Lewis Hamilton,Mercedes,GBR,44,1:41.448,1:40.788,1:40.374,1:40.374,+1.374,Q3
2,Saudi Arabian Grand Prix,Jeddah Corniche Circuit,7,Esteban Ocon,Alpine,FRA,31,1:40.713,1:40.248,1:40.639,1:40.639,+1.639,Q3
2,Saudi Arabian Grand Prix,Jeddah Corniche Circuit,8,Fernando Alonso,Aston Martin,ESP,14,1:41.003,1:39.745,1:40.701,1:40.701,+1.701,Q3
2,Saudi Arabian Grand Prix,Jeddah Corniche Circuit,9,Lance Stroll,Aston Martin,CAN,18,1:40.328,1:41.179,1:40.745,1:40.745,+1.745,Q3
2,Saudi Arabian Grand Prix,Jeddah Corniche Circuit,10,Pierre Gasly,Alpine,FRA,10,1:42.380,1:41.046,1:40.933,1:40.933,+1.933,Q3
2,Saudi Arabian Grand Prix,Jeddah Corniche Circuit,11,Lando Norris,McLaren,GBR,4,1:42.484,1:39.864,,1:39.864,+0.864,Q2
2,Saudi Arabian Grand Prix,Jeddah Corniche Circuit,12,Oscar Piastri,McLaren,AUS,81,1:41.848,1:41.277,,1:41.277,+2.277,Q2
2,Saudi Arabian Grand Prix,Jeddah Corniche Circuit,13,Valtteri Bottas,Kick Sauber,FIN,77,1:41.271,1:40.787,,1:40.787,+1.787,Q2
2,Saudi Arabian Grand Prix,Jeddah Corniche Circuit,14,Alex Albon,Williams,THA,23,1:42.389,1:41.689,,1:41.689,+2.689,Q2
2,Saudi Arabian Grand Prix,Jeddah Corniche Circuit,15,Logan Sargeant,Williams,USA,2,1:41.228,1:41.688,,1:41.688,+2.688,Q2
2,Saudi Arabian Grand Prix,Jeddah Corniche Circuit,16,Yuki Tsunoda,RB,JPN,22,1:41.843,,,1:41.843,+2.843,Q1
2,Saudi Arabian Grand Prix,Jeddah Corniche Circuit,17,Daniel Ricciardo,RB,AUS,3,1:40.827,,,1:40.827,+1.827,Q1
2,Saudi Arabian Grand Prix,Jeddah Corniche Circuit,18,Nico Hulkenberg,Haas,GER,27,1:43.531,,,1:43.531,+4.531,Q1
2,Saudi Arabian Grand Prix,Jeddah Corniche Circuit,19,Zhou Guanyu,Kick Sauber,CHN,24,1:42.061,,,1:42.061,+3.061,Q1
2,Saudi Arabian Grand Prix,Jeddah Corniche Circuit,20,Kevin Magnussen,Haas,DEN,20,1:40.910,,,1:40.910,+1.910,Q1
3,Australian Grand Prix,Albert Park Circuit,1,George Russell,Mercedes,GBR,63,1:40.597,1:38.522,1:38.538,1:38.538,Pole,Q3
3,Australian Grand Prix,Albert Park Circuit,2,Carlos Sainz,Ferrari,ESP,55,1:39.883,1:39.079,1:38.773,1:38.773,+0.773,Q3
3,Australian Grand Prix,Albert Park Circuit,3,Sergio Perez,Red Bull Racing,MEX,11,1:39.937,1:39.853,1:39.194,1:39.194,+1.194,Q3
3,Australian Grand Prix,Albert Park Circuit,4,Charles Leclerc,Ferrari,MON,16,1:39.813,1:38.591,1:38.225,1:38.225,+0.225,Q3
3,Australian Grand Prix,Albert Park Circuit,5,Lewis Hamilton,Mercedes,GBR,44,1:40.833,1:38.408,1:39.264,1:39.264,+1.264,Q3
3,Australian Grand Prix,Albert Park Circuit,6,Max Verstappen,Red Bull Racing,NED,1,1:40.102,1:39.033,1:38.541,1:38.541,+0.541,Q3
3,Australian Grand Prix,Albert Park Circuit,7,Pierre Gasly,Alpine,FRA,10,1:41.390,1:40.076,1:39.719,1:39.719,+1.719,Q3
3,Australian Grand Prix,Albert Park Circuit,8,Lance Stroll,Aston Martin,CAN,18,1:39.239,1:40.059,1:39.549,1:39.549,+1.549,Q3
3,Australian Grand Prix,Albert Park Circuit,9,Esteban Ocon,Alpine,FRA,31,1:40.920,1:38.969,1:38.632,1:38.632,+0.632,Q3
3,Australian Grand Prix,Albert Park Circuit,10,Lando Norris,McLaren,GBR,4,1:40.267,1:39.291,1:39.366,1:39.366,+1.366,Q3
3,Australian Grand Prix,Albert Park Circuit,11,Fernando Alonso,Aston Martin,ESP,14,1:41.064,1:39.867,,1:39.867,+1.867,Q2
3,Australian Grand Prix,Albert Park Circuit,12,Oscar Piastri,McLaren,AUS,81,1:40.119,1:39.198,,1:39.198,+1.198,Q2
3,Australian Grand Prix,Albert Park Circuit,13,Zhou Guanyu,Kick Sauber,CHN,24,1:40.995,1:39.904,,1:39.904,+1.904,Q2
3,Australian Grand Prix,Albert Park Circuit,14,Kevin Magnussen,Haas,DEN,20,1:39.809,1:40.286,,1:40.286,+2.286,Q2
3,Australian Grand Prix,Albert Park Circuit,15,Alex Albon,Williams,THA,23,1:41.348,1:39.594,,1:39.594,+1.594,Q2
3,Australian Grand Prix,Albert Park Circuit,16,Nico Hulkenberg,Haas,GER,27,1:41.756,,,1:41.756,+3.756,Q1
3,Australian Grand Prix,Albert Park Circuit,17,Logan Sargeant,Williams,USA,2,1:40.245,,,1:40.245,+2.245,Q1
3,Australian Grand Prix,Albert Park Circuit,18,Daniel Ricciardo,RB,AUS,3,1:40.489,,,1:40.489,+2.489,Q1
3,Australian Grand Prix,Albert Park Circuit,19,Valtteri Bottas,Kick Sauber,FIN,77,1:40.796,,,1:40.796,+2.796,Q1
3,Australian Grand Prix,Albert Park Circuit,20,Yuki Tsunoda,RB,JPN,22,1:41.020,,,1:41.020,+3.020,Q1
4,Japanese Grand Prix,Suzuka International Racing Course,1,Max Verstappen,Red Bull Racing,NED,1,1:25.583,1:25.682,1:24.542,1:24.542,Pole,Q3
4,Japanese Grand Prix,Suzuka International Racing Course,2,George Russell,Mercedes,GBR,63,1:26.629,1:25.603,1:25.164,1:25.164,+1.164,Q3
4,Japanese Grand Prix,Suzuka International Racing Course,3,Lewis Hamilton,Mercedes,GBR,44,1:26.722,1:25.481,1:25.558,1:25.558,+1.558,Q3
4,Japanese Grand Prix,Suzuka International Racing Course,4,Charles Leclerc,Ferrari,MON,16,1:26.207,1:25.919,1:25.550,1:25.550,+1.550,Q3
4,Japanese Grand Prix,Suzuka International Racing Course,5,Sergio Perez,Red Bull Racing,MEX,11,1:26.833,1:25.889,1:25.554,1:25.554,+1.554,Q3
4,Japanese Grand Prix,Suzuka International Racing Course,6,Carlos Sainz,Ferrari,ESP,55,1:27.189,1:25.282,1:25.381,1:25.381,+1.381,Q3
4,Japanese Grand Prix,Suzuka International Racing Course,7,Lance Stroll,Aston Martin,CAN,18,1:25.573,1:25.691,1:25.475,1:25.475,+1.475,Q3
4,Japanese Grand Prix,Suzuka International Racing Course,8,Lando Norris,McLaren,GBR,4,1:25.630,1:25.043,1:24.800,1:24.800,+0.800,Q3
4,Japanese Grand Prix,Suzuka International Racing Course,9,Pierre Gasly,Alpine,FRA,10,1:25.355,1:25.615,1:24.813,1:24.813,+0.813,Q3
4,Japanese Grand Prix,Suzuka International Racing Course,10,Oscar Piastri,McLaren,AUS,81,1:25.192,1:25.281,1:25.188,1:25.188,+1.188,Q3
4,Japanese Grand Prix,Suzuka International Racing Course,11,Fernando Alonso,Aston Martin,ESP,14,1:25.959,1:25.625,,1:25.625,+1.625,Q2
4,Japanese Grand Prix,Suzuka International Racing Course,12,Esteban Ocon,Alpine,FRA,31,1:25.219,1:26.424,,1:26.424,+2.424,Q2
4,Japanese Grand Prix,Suzuka International Racing Course,13,Kevin Magnussen,Haas,DEN,20,1:27.162,1:26.437,,1:26.437,+2.437,Q2
4,Japanese Grand Prix,Suzuka International Racing Course,14,Daniel Ricciardo,RB,AUS,3,1:28.068,1:27.007,,1:27.007,+3.007,Q2
4,Japanese Grand Prix,Suzuka International Racing Course,15,Zhou Guanyu,Kick Sauber,CHN,24,1:28.355,1:26.781,,1:26.781,+2.781,Q2
4,Japanese Grand Prix,Suzuka International Racing Course,16,Alex Albon,Williams,THA,23,1:26.937,,,1:26.937,+2.937,Q1
4,Japanese Grand Prix,Suzuka International Racing Course,17,Valtteri Bottas,Kick Sauber,FIN,77,1:26.079,,,1:26.079,+2.079,Q1
4,Japanese Grand Prix,Suzuka International Racing Course,18,Nico Hulkenberg,Haas,GER,27,1:27.430,,,1:27.430,+3.430,Q1
4,Japanese Grand Prix,Suzuka International Racing Course,19,Logan Sargeant,Williams,USA,2,1:25.940,,,1:25.940,+1.940,Q1
4,Japanese Grand Prix,Suzuka International Racing Course,20,Yuki Tsunoda,RB,JPN,22,1:27.029,,,1:27.029,+3.029,Q1
5,Chinese Grand Prix,Shanghai International Circuit,1,Sergio Perez,Red Bull Racing,MEX,11,1:40.030,1:41.870,1:41.115,1:41.115,Pole,Q3
5,Chinese Grand Prix,Shanghai International Circuit,2,Max Verstappen,Red Bull Racing,NED,1,1:42.742,1:40.412,1:40.495,1:40.495,+0.495,Q3
5,Chinese Grand Prix,Shanghai International Circuit,3,George Russell,Mercedes,GBR,63,1:42.906,1:41.126,1:41.080,1:41.080,+1.080,Q3
5,Chinese Grand Prix,Shanghai International Circuit,4,Charles Leclerc,Ferrari,MON,16,1:42.661,1:41.972,1:40.190,1:40.190,+0.190,Q3
5,Chinese Grand Prix,Shanghai International Circuit,5,Lewis Hamilton,Mercedes,GBR,44,1:42.436,1:42.170,1:40.742,1:40.742,+0.742,Q3
5,Chinese Grand Prix,Shanghai International Circuit,6,Carlos Sainz,Ferrari,ESP,55,1:41.906,1:42.058,1:40.854,1:40.854,+0.854,Q3
5,Chinese Grand Prix,Shanghai International Circuit,7,Lando Norris,McLaren,GBR,4,1:43.488,1:42.377,1:41.316,1:41.316,+1.316,Q3
5,Chinese Grand Prix,Shanghai International Circuit,8,Lance Stroll,Aston Martin,CAN,18,1:42.147,1:41.478,1:41.445,1:41.445,+1.445,Q3
5,Chinese Grand Prix,Shanghai International Circuit,9,Oscar Piastri,McLaren,AUS,81,1:41.300,1:41.743,1:40.421,1:40.421,+0.421,Q3
5,Chinese Grand Prix,Shanghai International Circuit,10,Pierre Gasly,Alpine,FRA,10,1:42.380,1:40.911,1:41.476,1:41.476,+1.476,Q3
5,Chinese Grand Prix,Shanghai International Circuit,11,Esteban Ocon,Alpine,FRA,31,1:41.275,1:42.677,,1:42.677,+2.677,Q2
5,Chinese Grand Prix,Shanghai International Circuit,12,Fernando Alonso,Aston Martin,ESP,14,1:42.998,1:40.926,,1:40.926,+0.926,Q2
5,Chinese Grand Prix,Shanghai International Circuit,13,Zhou Guanyu,Kick Sauber,CHN,24,1:41.785,1:42.631,,1:42.631,+2.631,Q2
5,Chinese Grand Prix,Shanghai International Circuit,14,Nico Hulkenberg,Haas,GER,27,1:42.649,1:42.970,,1:42.970,+2.970,Q2
5,Chinese Grand Prix,Shanghai International Circuit,15,Valtteri Bottas,Kick Sauber,FIN,77,1:41.964,1:42.742,,1:42.742,+2.742,Q2
5,Chinese Grand Prix,Shanghai International Circuit,16,Logan Sargeant,Williams,USA,2,1:43.814,,,1:43.814,+3.814,Q1
5,Chinese Grand Prix,Shanghai International Circuit,17,Yuki Tsunoda,RB,JPN,22,1:43.282,,,1:43.282,+3.282,Q1
5,Chinese Grand Prix,Shanghai International Circuit,18,Kevin Magnussen,Haas,DEN,20,1:43.188,,,1:43.188,+3.188,Q1
5,Chinese Grand Prix,Shanghai International Circuit,19,Daniel Ricciardo,RB,AUS,3,1:44.212,,,1:44.212,+4.212,Q1
5,Chinese Grand Prix,Shanghai International Circuit,20,Alex Albon,Williams,THA,23,1:44.767,,,1:44.767,+4.767,Q1
6,Miami Grand Prix,Miami International Autodrome,1,Lewis Hamilton,Mercedes,GBR,44,1:43.884,1:44.110,1:44.225,1:44.225,Pole,Q3
6,Miami Grand Prix,Miami International Autodrome,2,Carlos Sainz,Ferrari,ESP,55,1:43.175,1:45.069,1:43.929,1:43.929,+0.929,Q3
6,Miami Grand Prix,Miami International Autodrome,3,Max Verstappen,Red Bull Racing,NED,1,1:45.964,1:45.053,1:44.572,1:44.572,+1.572,Q3
6,Miami Grand Prix,Miami International Autodrome,4,Charles Leclerc,Ferrari,MON,16,1:45.704,1:43.629,1:44.119,1:44.119,+1.119,Q3
6,Miami Grand Prix,Miami International Autodrome,5,George Russell,Mercedes,GBR,63,1:44.443,1:43.536,1:43.226,1:43.226,+0.226,Q3
6,Miami Grand Prix,Miami International Autodrome,6,Sergio Perez,Red Bull Racing,MEX,11,1:45.685,1:45.038,1:44.402,1:44.402,+1.402,Q3
6,Miami Grand Prix,Miami International Autodrome,7,Lando Norris,McLaren,GBR,4,1:44.505,1:43.554,1:44.041,1:44.041,+1.041,Q3
6,Miami Grand Prix,Miami International Autodrome,8,Lance Stroll,Aston Martin,CAN,18,1:46.233,1:43.563,1:44.007,1:44.007,+1.007,Q3
6,Miami Grand Prix,Miami International Autodrome,9,Esteban Ocon,Alpine,FRA,31,1:43.930,1:45.256,1:43.561,1:43.561,+0.561,Q3
6,Miami Grand Prix,Miami International Autodrome,10,Oscar Piastri,McLaren,AUS,81,1:44.640,1:44.774,1:43.887,1:43.887,+0.887,Q3
6,Miami Grand Prix,Miami International Autodrome,11,Fernando Alonso,Aston Martin,ESP,14,1:44.657,1:45.687,,1:45.687,+2.687,Q2
6,Miami Grand Prix,Miami International Autodrome,12,Pierre Gasly,Alpine,FRA,10,1:46.083,1:45.048,,1:45.048,+2.048,Q2
6,Miami Grand Prix,Miami International Autodrome,13,Zhou Guanyu,Kick Sauber,CHN,24,1:46.212,1:45.666,,1:45.666,+2.666,Q2
6,Miami Grand Prix,Miami International Autodrome,14,Alex Albon,Williams,THA,23,1:45.807,1:44.423,,1:44.423,+1.423,Q2
6,Miami Grand Prix,Miami International Autodrome,15,Yuki Tsunoda,RB,JPN,22,1:47.130,1:45.753,,1:45.753,+2.753,Q2
6,Miami Grand Prix,Miami International Autodrome,16,Nico Hulkenberg,Haas,GER,27,1:47.219,,,1:47.219,+4.219,Q1
6,Miami Grand Prix,Miami International Autodrome,17,Daniel Ricciardo,RB,AUS,3,1:46.007,,,1:46.007,+3.007,Q1
6,Miami Grand Prix,Miami International Autodrome,18,Valtteri Bottas,Kick Sauber,FIN,77,1:47.648,,,1:47.648,+4.648,Q1
6,Miami Grand Prix,Miami International Autodrome,19,Kevin Magnussen,Haas,DEN,20,1:47.236,,,1:47.236,+4.236,Q1
6,Miami Grand Prix,Miami International Autodrome,20,Logan Sargeant,Williams,USA,2,1:47.671,,,1:47.671,+4.671,Q1
7,Emilia Romagna Grand Prix,Autodromo Enzo e Dino Ferrari,1,Carlos Sainz,Ferrari,ESP,55,1:29.363,1:28.387,1:28.500,1:28.500,Pole,Q3
7,Emilia Romagna Grand Prix,Autodromo Enzo e Dino Ferrari,2,Max Verstappen,Red Bull Racing,NED,1,1:28.758,1:28.113,1:28.882,1:28.882,+0.882,Q3
7,Emilia Romagna Grand Prix,Autodromo Enzo e Dino Ferrari,3,Sergio Perez,Red Bull Racing,MEX,11,1:30.820,1:28.658,1:28.118,1:28.118,+0.118,Q3
7,Emilia Romagna Grand Prix,Autodromo Enzo e Dino Ferrari,4,Charles Leclerc,Ferrari,MON,16,1:28.563,1:29.392,1:28.966,1:28.966,+0.966,Q3
7,Emilia Romagna Grand Prix,Autodromo Enzo e Dino Ferrari,5,Lewis Hamilton,Mercedes,GBR,44,1:30.568,1:29.825,1:28.479,1:28.479,+0.479,Q3
7,Emilia Romagna Grand Prix,Autodromo Enzo e Dino Ferrari,6,George Russell,Mercedes,GBR,63,1:29.817,1:28.616,1:28.863,1:28.863,+0.863,Q3
7,Emilia Romagna Grand Prix,Autodromo Enzo e Dino Ferrari,7,Oscar Piastri,McLaren,AUS,81,1:30.574,1:29.630,1:29.004,1:29.004,+1.004,Q3
7,Emilia Romagna Grand Prix,Autodromo Enzo e Dino Ferrari,8,Lance Stroll,Aston Martin,CAN,18,1:29.210,1:28.591,1:28.371,1:28.371,+0.371,Q3
7,Emilia Romagna Grand Prix,Autodromo Enzo e Dino Ferrari,9,Lando Norris,McLaren,GBR,4,1:29.506,1:30.364,1:28.530,1:28.530,+0.530,Q3
7,Emilia Romagna Grand Prix,Autodromo Enzo e Dino Ferrari,10,Pierre Gasly,Alpine,FRA,10,1:29.312,1:29.104,1:29.904,1:29.904,+1.904,Q3
7,Emilia Romagna Grand Prix,Autodromo Enzo e Dino Ferrari,11,Fernando Alonso,Aston Martin,ESP,14,1:30.022,1:29.183,,1:29.183,+1.183,Q2
7,Emilia Romagna Grand Prix,Autodromo Enzo e Dino Ferrari,12,Esteban Ocon,Alpine,FRA,31,1:30.564,1:29.557,,1:29.557,+1.557,Q2
7,Emilia Romagna Grand Prix,Autodromo Enzo e Dino Ferrari,13,Zhou Guanyu,Kick Sauber,CHN,24,1:30.929,1:29.681,,1:29.681,+1.681,Q2
7,Emilia Romagna Grand Prix,Autodromo Enzo e Dino Ferrari,14,Valtteri Bottas,Kick Sauber,FIN,77,1:31.518,1:30.338,,1:30.338,+2.338,Q2
7,Emilia Romagna Grand Prix,Autodromo Enzo e Dino Ferrari,15,Logan Sargeant,Williams,USA,2,1:29.725,1:30.503,,1:30.503,+2.503,Q2
7,Emilia Romagna Grand Prix,Autodromo Enzo e Dino Ferrari,16,Kevin Magnussen,Haas,DEN,20,1:32.235,,,1:32.235,+4.235,Q1
7,Emilia Romagna Grand Prix,Autodromo Enzo e Dino Ferrari,17,Yuki Tsunoda,RB,JPN,22,1:30.131,,,1:30.131,+2.131,Q1
7,Emilia Romagna Grand Prix,Autodromo Enzo e Dino Ferrari,18,Daniel Ricciardo,RB,AUS,3,1:30.427,,,1:30.427,+2.427,Q1
7,Emilia Romagna Grand Prix,Autodromo Enzo e Dino Ferrari,19,Alex Albon,Williams,THA,23,1:30.476,,,1:30.476,+2.476,Q1
7,Emilia Romagna Grand Prix,Autodromo Enzo e Dino Ferrari,20,Nico Hulkenberg,Haas,GER,27,1:30.122,,,1:30.122,+2.122,Q1
8,Monaco Grand Prix,Circuit de Monaco,1,Carlos Sainz,Ferrari,ESP,55,1:35.466,1:34.688,1:35.284,1:35.284,Pole,Q3
8,Monaco Grand Prix,Circuit de Monaco,2,Sergio Perez,Red Bull Racing,MEX,11,1:35.221,1:35.900,1:34.855,1:34.855,+0.855,Q3
8,Monaco Grand Prix,Circuit de Monaco,3,George Russell,Mercedes,GBR,63,1:34.370,1:34.781,1:35.080,1:35.080,+1.080,Q3
8,Monaco Grand Prix,Circuit de Monaco,4,Lewis Hamilton,Mercedes,GBR,44,1:35.498,1:34.691,1:35.037,1:35.037,+1.037,Q3
8,Monaco Grand Prix,Circuit de Monaco,5,Charles Leclerc,Ferrari,MON,16,1:36.749,1:36.195,1:34.885,1:34.885,+0.885,Q3
8,Monaco Grand Prix,Circuit de Monaco,6,Max Verstappen,Red Bull Racing,NED,1,1:35.275,1:34.445,1:34.531,1:34.531,+0.531,Q3
8,Monaco Grand Prix,Circuit de Monaco,7,Fernando Alonso,Aston Martin,ESP,14,1:35.790,1:36.451,1:35.639,1:35.639,+1.639,Q3
8,Monaco Grand Prix,Circuit de Monaco,8,Esteban Ocon,Alpine,FRA,31,1:34.843,1:35.808,1:35.767,1:35.767,+1.767,Q3
8,Monaco Grand Prix,Circuit de Monaco,9,Lando Norris,McLaren,GBR,4,1:37.143,1:36.537,1:34.461,1:34.461,+0.461,Q3
8,Monaco Grand Prix,Circuit de Monaco,10,Oscar Piastri,McLaren,AUS,81,1:35.886,1:35.104,1:35.495,1:35.495,+1.495,Q3
8,Monaco Grand Prix,Circuit de Monaco,11,Lance Stroll,Aston Martin,CAN,18,1:36.140,1:35.897,,1:35.897,+1.897,Q2
8,Monaco Grand Prix,Circuit de Monaco,12,Pierre Gasly,Alpine,FRA,10,1:36.939,1:36.010,,1:36.010,+2.010,Q2
8,Monaco Grand Prix,Circuit de Monaco,13,Alex Albon,Williams,THA,23,1:36.356,1:35.282,,1:35.282,+1.282,Q2
8,Monaco Grand Prix,Circuit de Monaco,14,Valtteri Bottas,Kick Sauber,FIN,77,1:35.915,1:36.251,,1:36.251,+2.251,Q2
8,Monaco Grand Prix,Circuit de Monaco,15,Kevin Magnussen,Haas,DEN,20,1:38.304,1:35.158,,1:35.158,+1.158,Q2
8,Monaco Grand Prix,Circuit de Monaco,16,Yuki Tsunoda,RB,JPN,22,1:37.407,,,1:37.407,+3.407,Q1
8,Monaco Grand Prix,Circuit de Monaco,17,Daniel Ricciardo,RB,AUS,3,1:37.598,,,1:37.598,+3.598,Q1
8,Monaco Grand Prix,Circuit de Monaco,18,Nico Hulkenberg,Haas,GER,27,1:38.076,,,1:38.076,+4.076,Q1
8,Monaco Grand Prix,Circuit de Monaco,19,Logan Sargeant,Williams,USA,2,1:36.930,,,1:36.930,+2.930,Q1
8,Monaco Grand Prix,Circuit de Monaco,20,Zhou Guanyu,Kick Sauber,CHN,24,1:38.453,,,1:38.453,+4.453,Q1
9,Canadian Grand Prix,Circuit Gilles Villeneuve,1,Sergio Perez,Red Bull Racing,MEX,11,1:41.592,1:42.722,1:41.442,1:41.442,Pole,Q3
9,Canadian Grand Prix,Circuit Gilles Villeneuve,2,George Russell,Mercedes,GBR,63,1:43.108,1:43.071,1:41.253,1:41.253,+0.253,Q3
9,Canadian Grand Prix,Circuit Gilles Villeneuve,3,Lewis Hamilton,Mercedes,GBR,44,1:41.989,1:41.988,1:42.599,1:42.599,+1.599,Q3
9,Canadian Grand Prix,Circuit Gilles Villeneuve,4,Max Verstappen,Red Bull Racing,NED,1,1:41.371,1:42.428,1:42.430,1:42.430,+1.430,Q3
9,Canadian Grand Prix,Circuit Gilles Villeneuve,5,Carlos Sainz,Ferrari,ESP,55,1:42.176,1:41.967,1:42.441,1:42.441,+1.441,Q3
9,Canadian Grand Prix,Circuit Gilles Villeneuve,6,Charles Leclerc,Ferrari,MON,16,1:43.480,1:42.498,1:42.397,1:42.397,+1.397,Q3
9,Canadian Grand Prix,Circuit Gilles Villeneuve,7,Oscar Piastri,McLaren,AUS,81,1:42.909,1:41.812,1:42.444,1:42.444,+1.444,Q3
9,Canadian Grand Prix,Circuit Gilles Villeneuve,8,Lance Stroll,Aston Martin,CAN,18,1:43.833,1:43.524,1:42.769,1:42.769,+1.769,Q3
9,Canadian Grand Prix,Circuit Gilles Villeneuve,9,Pierre Gasly,Alpine,FRA,10,1:42.612,1:42.076,1:41.732,1:41.732,+0.732,Q3
9,Canadian Grand Prix,Circuit Gilles Villeneuve,10,Lando Norris,McLaren,GBR,4,1:42.194,1:43.712,1:42.706,1:42.706,+1.706,Q3
9,Canadian Grand Prix,Circuit Gilles Villeneuve,11,Esteban Ocon,Alpine,FRA,31,1:43.426,1:42.364,,1:42.364,+1.364,Q2
9,Canadian Grand Prix,Circuit Gilles Villeneuve,12,Fernando Alonso,Aston Martin,ESP,14,1:42.342,1:42.273,,1:42.273,+1.273,Q2
9,Canadian Grand Prix,Circuit Gilles Villeneuve,13,Daniel Ricciardo,RB,AUS,3,1:42.256,1:43.627,,1:43.627,+2.627,Q2
9,Canadian Grand Prix,Circuit Gilles Villeneuve,14,Nico Hulkenberg,Haas,GER,27,1:43.697,1:42.673,,1:42.673,+1.673,Q2
9,Canadian Grand Prix,Circuit Gilles Villeneuve,15,Alex Albon,Williams,THA,23,1:42.668,1:42.293,,1:42.293,+1.293,Q2
9,Canadian Grand Prix,Circuit Gilles Villeneuve,16,Zhou Guanyu,Kick Sauber,CHN,24,1:42.716,,,1:42.716,+1.716,Q1
9,Canadian Grand Prix,Circuit Gilles Villeneuve,17,Yuki Tsunoda,RB,JPN,22,1:44.563,,,1:44.563,+3.563,Q1
9,Canadian Grand Prix,Circuit Gilles Villeneuve,18,Logan Sargeant,Williams,USA,2,1:44.036,,,1:44.036,+3.036,Q1
9,Canadian Grand Prix,Circuit Gilles Villeneuve,19,Valtteri Bottas,Kick Sauber,FIN,77,1:44.202,,,1:44.202,+3.202,Q1
9,Canadian Grand Prix,Circuit Gilles Villeneuve,20,Kevin Magnussen,Haas,DEN,20,1:45.352,,,1:45.352,+4.352,Q1
10,Spanish Grand Prix,Circuit de Barcelona-Catalunya,1,George Russell,Mercedes,GBR,63,1:22.021,1:22.447,1:21.476,1:21.476,Pole,Q3
10,Spanish Grand Prix,Circuit de Barcelona-Catalunya,2,Charles Leclerc,Ferrari,MON,16,1:21.102,1:22.606,1:21.218,1:21.218,+0.218,Q3
10,Spanish Grand Prix,Circuit de Barcelona-Catalunya,3,Sergio Perez,Red Bull Racing,MEX,11,1:23.393,1:21.318,1:22.351,1:22.351,+1.351,Q3
10,Spanish Grand Prix,Circuit de Barcelona-Catalunya,4,Carlos Sainz,Ferrari,ESP,55,1:23.090,1:21.524,1:22.244,1:22.244,+1.244,Q3
10,Spanish Grand Prix,Circuit de Barcelona-Catalunya,5,Lewis Hamilton,Mercedes,GBR,44,1:23.004,1:22.557,1:21.438,1:21.438,+0.438,Q3
10,Spanish Grand Prix,Circuit de Barcelona-Catalunya,6,Max Verstappen,Red Bull Racing,NED,1,1:23.363,1:22.180,1:22.456,1:22.456,+1.456,Q3
10,Spanish Grand Prix,Circuit de Barcelona-Catalunya,7,Oscar Piastri,McLaren,AUS,81,1:22.817,1:22.636,1:22.443,1:22.443,+1.443,Q3
10,Spanish Grand Prix,Circuit de Barcelona-Catalunya,8,Fernando Alonso,Aston Martin,ESP,14,1:23.711,1:23.087,1:21.918,1:21.918,+0.918,Q3
10,Spanish Grand Prix,Circuit de Barcelona-Catalunya,9,Pierre Gasly,Alpine,FRA,10,1:23.174,1:22.977,1:21.981,1:21.981,+0.981,Q3
10,Spanish Grand Prix,Circuit de Barcelona-Catalunya,10,Esteban Ocon,Alpine,FRA,31,1:24.714,1:22.725,1:22.772,1:22.772,+1.772,Q3
10,Spanish Grand Prix,Circuit de Barcelona-Catalunya,11,Lando Norris,McLaren,GBR,4,1:22.392,1:23.148,,1:23.148,+2.148,Q2
10,Spanish Grand Prix,Circuit de Barcelona-Catalunya,12,Lance Stroll,Aston Martin,CAN,18,1:22.157,1:22.031,,1:22.031,+1.031,Q2
10,Spanish Grand Prix,Circuit de Barcelona-Catalunya,13,Yuki Tsunoda,RB,JPN,22,1:23.995,1:22.274,,1:22.274,+1.274,Q2
10,Spanish Grand Prix,Circuit de Barcelona-Catalunya,14,Valtteri Bottas,Kick Sauber,FIN,77,1:25.090,1:22.522,,1:22.522,+1.522,Q2
10,Spanish Grand Prix,Circuit de Barcelona-Catalunya,15,Nico Hulkenberg,Haas,GER,27,1:25.376,1:23.141,,1:23.141,+2.141,Q2
10,Spanish Grand Prix,Circuit de Barcelona-Catalunya,16,Zhou Guanyu,Kick Sauber,CHN,24,1:25.398,,,1:25.398,+4.398,Q1
10,Spanish Grand Prix,Circuit de Barcelona-Catalunya,17,Daniel Ricciardo,RB,AUS,3,1:25.302,,,1:25.302,+4.302,Q1
10,Spanish Grand Prix,Circuit de Barcelona-Catalunya,18,Logan Sargeant,Williams,USA,2,1:23.264,,,1:23.264,+2.264,Q1
10,Spanish Grand Prix,Circuit de Barcelona-Catalunya,19,Kevin Magnussen,Haas,DEN,20,1:25.109,,,1:25.109,+4.109,Q1
10,Spanish Grand Prix,Circuit de Barcelona-Catalunya,20,Alex Albon,Williams,THA,23,1:24.353,,,1:24.353,+3.353,Q1
11,Austrian Grand Prix,Red Bull Ring,1,Carlos Sainz,Ferrari,ESP,55,1:29.786,1:30.428,1:29.263,1:29.263,Pole,Q3
11,Austrian Grand Prix,Red Bull Ring,2,George Russell,Mercedes,GBR,63,1:30.453,1:30.651,1:29.752,1:29.752,+0.752,Q3
11,Austrian Grand Prix,Red Bull Ring,3,Sergio Perez,Red Bull Racing,MEX,11,1:31.794,1:29.743,1:30.130,1:30.130,+1.130,Q3
11,Austrian Grand Prix,Red Bull Ring,4,Lewis Hamilton,Mercedes,GBR,44,1:29.693,1:29.946,1:29.989,1:29.989,+0.989,Q3
11,Austrian Grand Prix,Red Bull Ring,5,Max Verstappen,Red Bull Racing,NED,1,1:31.083,1:31.258,1:30.531,1:30.531,+1.531,Q3
11,Austrian Grand Prix,Red Bull Ring,6,Charles Leclerc,Ferrari,MON,16,1:30.078,1:29.643,1:30.169,1:30.169,+1.169,Q3
11,Austrian Grand Prix,Red Bull Ring,7,Pierre Gasly,Alpine,FRA,10,1:30.929,1:30.552,1:30.088,1:30.088,+1.088,Q3
11,Austrian Grand Prix,Red Bull Ring,8,Fernando Alonso,Aston Martin,ESP,14,1:30.943,1:30.985,1:30.573,1:30.573,+1.573,Q3
11,Austrian Grand Prix,Red Bull Ring,9,Esteban Ocon,Alpine,FRA,31,1:29.896,1:29.707,1:29.991,1:29.991,+0.991,Q3
11,Austrian Grand Prix,Red Bull Ring,10,Lance Stroll,Aston Martin,CAN,18,1:30.250,1:30.355,1:30.107,1:30.107,+1.107,Q3
11,Austrian Grand Prix,Red Bull Ring,11,Oscar Piastri,McLaren,AUS,81,1:30.018,1:31.758,,1:31.758,+2.758,Q2
11,Austrian Grand Prix,Red Bull Ring,12,Lando Norris,McLaren,GBR,4,1:33.090,1:30.938,,1:30.938,+1.938,Q2
11,Austrian Grand Prix,Red Bull Ring,13,Nico Hulkenberg,Haas,GER,27,1:32.709,1:30.051,,1:30.051,+1.051,Q2
11,Austrian Grand Prix,Red Bull Ring,14,Yuki Tsunoda,RB,JPN,22,1:31.946,1:32.032,,1:32.032,+3.032,Q2
11,Austrian Grand Prix,Red Bull Ring,15,Kevin Magnussen,Haas,DEN,20,1:32.613,1:31.322,,1:31.322,+2.322,Q2
11,Austrian Grand Prix,Red Bull Ring,16,Valtteri Bottas,Kick Sauber,FIN,77,1:32.241,,,1:32.241,+3.241,Q1
11,Austrian Grand Prix,Red Bull Ring,17,Alex Albon,Williams,THA,23,1:31.145,,,1:31.145,+2.145,Q1
11,Austrian Grand Prix,Red Bull Ring,18,Logan Sargeant,Williams,USA,2,1:32.249,,,1:32.249,+3.249,Q1
11,Austrian Grand Prix,Red Bull Ring,19,Daniel Ricciardo,RB,AUS,3,1:30.945,,,1:30.945,+1.945,Q1
11,Austrian Grand Prix,Red Bull Ring,20,Zhou Guanyu,Kick Sauber,CHN,24,1:32.683,,,1:32.683,+3.683,Q1
12,British Grand Prix,Silverstone Circuit,1,Sergio Perez,Red Bull Racing,MEX,11,1:43.778,1:44.099,1:43.652,1:43.652,Pole,Q3
12,British Grand Prix,Silverstone Circuit,2,Carlos Sainz,Ferrari,ESP,55,1:45.684,1:43.568,1:43.480,1:43.480,+0.480,Q3
12,British Grand Prix,Silverstone Circuit,3,Lewis Hamilton,Mercedes,GBR,44,1:44.601,1:45.086,1:43.488,1:43.488,+0.488,Q3
12,British Grand Prix,Silverstone Circuit,4,George Russell,Mercedes,GBR,63,1:44.586,1:43.928,1:43.182,1:43.182,+0.182,Q3
12,British Grand Prix,Silverstone Circuit,5,Max Verstappen,Red Bull Racing,NED,1,1:43.955,1:44.034,1:43.817,1:43.817,+0.817,Q3
12,British Grand Prix,Silverstone Circuit,6,Charles Leclerc,Ferrari,MON,16,1:45.647,1:43.972,1:44.075,1:44.075,+1.075,Q3
12,British Grand Prix,Silverstone Circuit,7,Oscar Piastri,McLaren,AUS,81,1:44.632,1:45.065,1:44.626,1:44.626,+1.626,Q3
12,British Grand Prix,Silverstone Circuit,8,Fernando Alonso,Aston Martin,ESP,14,1:45.832,1:44.156,1:43.488,1:43.488,+0.488,Q3
12,British Grand Prix,Silverstone Circuit,9,Lando Norris,McLaren,GBR,4,1:44.450,1:44.160,1:43.876,1:43.876,+0.876,Q3
12,British Grand Prix,Silverstone Circuit,10,Lance Stroll,Aston Martin,CAN,18,1:44.055,1:45.718,1:43.701,1:43.701,+0.701,Q3
12,British Grand Prix,Silverstone Circuit,11,Pierre Gasly,Alpine,FRA,10,1:45.672,1:45.413,,1:45.413,+2.413,Q2
12,British Grand Prix,Silverstone Circuit,12,Esteban Ocon,Alpine,FRA,31,1:45.445,1:44.591,,1:44.591,+1.591,Q2
12,British Grand Prix,Silverstone Circuit,13,Kevin Magnussen,Haas,DEN,20,1:44.447,1:44.625,,1:44.625,+1.625,Q2
12,British Grand Prix,Silverstone Circuit,14,Daniel Ricciardo,RB,AUS,3,1:45.636,1:44.250,,1:44.250,+1.250,Q2
12,British Grand Prix,Silverstone Circuit,15,Zhou Guanyu,Kick Sauber,CHN,24,1:46.150,1:46.088,,1:46.088,+3.088,Q2
12,British Grand Prix,Silverstone Circuit,16,Nico Hulkenberg,Haas,GER,27,1:45.963,,,1:45.963,+2.963,Q1
12,British Grand Prix,Silverstone Circuit,17,Logan Sargeant,Williams,USA,2,1:46.739,,,1:46.739,+3.739,Q1
12,British Grand Prix,Silverstone Circuit,18,Valtteri Bottas,Kick Sauber,FIN,77,1:47.561,,,1:47.561,+4.561,Q1
12,British Grand Prix,Silverstone Circuit,19,Alex Albon,Williams,THA,23,1:45.594,,,1:45.594,+2.594,Q1
12,British Grand Prix,Silverstone Circuit,20,Yuki Tsunoda,RB,JPN,22,1:47.143,,,1:47.143,+4.143,Q1
13,Hungarian Grand Prix,Hungaroring,1,Max Verstappen,Red Bull Racing,NED,1,1:36.225,1:37.023,1:36.483,1:36.483,Pole,Q3
13,Hungarian Grand Prix,Hungaroring,2,Carlos Sainz,Ferrari,ESP,55,1:36.106,1:37.009,1:37.536,1:37.536,+1.536,Q3
13,Hungarian Grand Prix,Hungaroring,3,George Russell,Mercedes,GBR,63,1:36.760,1:36.271,1:37.579,1:37.579,+1.579,Q3
13,Hungarian Grand Prix,Hungaroring,4,Sergio Perez,Red Bull Racing,MEX,11,1:38.355,1:36.288,1:37.606,1:37.606,+1.606,Q3
13,Hungarian Grand Prix,Hungaroring,5,Charles Leclerc,Ferrari,MON,16,1:38.335,1:37.284,1:36.432,1:36.432,+0.432,Q3
13,Hungarian Grand Prix,Hungaroring,6,Lewis Hamilton,Mercedes,GBR,44,1:37.982,1:37.088,1:36.481,1:36.481,+0.481,Q3
13,Hungarian Grand Prix,Hungaroring,7,Fernando Alonso,Aston Martin,ESP,14,1:39.035,1:36.941,1:36.712,1:36.712,+0.712,Q3
13,Hungarian Grand Prix,Hungaroring,8,Oscar Piastri,McLaren,AUS,81,1:37.958,1:37.060,1:37.831,1:37.831,+1.831,Q3
13,Hungarian Grand Prix,Hungaroring,9,Esteban Ocon,Alpine,FRA,31,1:36.801,1:36.888,1:36.599,1:36.599,+0.599,Q3
13,Hungarian Grand Prix,Hungaroring,10,Lando Norris,McLaren,GBR,4,1:39.769,1:37.692,1:37.502,1:37.502,+1.502,Q3
13,Hungarian Grand Prix,Hungaroring,11,Pierre Gasly,Alpine,FRA,10,1:38.522,1:38.211,,1:38.211,+2.211,Q2
13,Hungarian Grand Prix,Hungaroring,12,Lance Stroll,Aston Martin,CAN,18,1:39.177,1:37.821,,1:37.821,+1.821,Q2
13,Hungarian Grand Prix,Hungaroring,13,Nico Hulkenberg,Haas,GER,27,1:39.901,1:37.504,,1:37.504,+1.504,Q2
13,Hungarian Grand Prix,Hungaroring,14,Alex Albon,Williams,THA,23,1:40.169,1:38.873,,1:38.873,+2.873,Q2
13,Hungarian Grand Prix,Hungaroring,15,Daniel Ricciardo,RB,AUS,3,1:39.939,1:38.309,,1:38.309,+2.309,Q2
13,Hungarian Grand Prix,Hungaroring,16,Valtteri Bottas,Kick Sauber,FIN,77,1:38.048,,,1:38.048,+2.048,Q1
13,Hungarian Grand Prix,Hungaroring,17,Zhou Guanyu,Kick Sauber,CHN,24,1:40.052,,,1:40.052,+4.052,Q1
13,Hungarian Grand Prix,Hungaroring,18,Logan Sargeant,Williams,USA,2,1:38.503,,,1:38.503,+2.503,Q1
13,Hungarian Grand Prix,Hungaroring,19,Kevin Magnussen,Haas,DEN,20,1:40.426,,,1:40.426,+4.426,Q1
13,Hungarian Grand Prix,Hungaroring,20,Yuki Tsunoda,RB,JPN,22,1:38.411,,,1:38.411,+2.411,Q1
14,Belgian Grand Prix,Circuit de Spa-Francorchamps,1,Max Verstappen,Red Bull Racing,NED,1,1:37.896,1:37.155,1:38.036,1:38.036,Pole,Q3
14,Belgian Grand Prix,Circuit de Spa-Francorchamps,2,George Russell,Mercedes,GBR,63,1:39.099,1:38.341,1:37.954,1:37.954,+0.954,Q3
14,Belgian Grand Prix,Circuit de Spa-Francorchamps,3,Carlos Sainz,Ferrari,ESP,55,1:40.189,1:37.931,1:37.417,1:37.417,+0.417,Q3
14,Belgian Grand Prix,Circuit de Spa-Francorchamps,4,Sergio Perez,Red Bull Racing,MEX,11,1:39.253,1:37.889,1:38.067,1:38.067,+1.067,Q3
14,Belgian Grand Prix,Circuit de Spa-Francorchamps,5,Lewis Hamilton,Mercedes,GBR,44,1:37.499,1:39.123,1:38.683,1:38.683,+1.683,Q3
14,Belgian Grand Prix,Circuit de Spa-Francorchamps,6,Charles Leclerc,Ferrari,MON,16,1:37.905,1:39.011,1:37.609,1:37.609,+0.609,Q3
14,Belgian Grand Prix,Circuit de Spa-Francorchamps,7,Oscar Piastri,McLaren,AUS,81,1:38.122,1:37.914,1:37.839,1:37.839,+0.839,Q3
14,Belgian Grand Prix,Circuit de Spa-Francorchamps,8,Pierre Gasly,Alpine,FRA,10,1:37.816,1:37.930,1:38.641,1:38.641,+1.641,Q3
14,Belgian Grand Prix,Circuit de Spa-Francorchamps,9,Esteban Ocon,Alpine,FRA,31,1:40.472,1:38.947,1:38.163,1:38.163,+1.163,Q3
14,Belgian Grand Prix,Circuit de Spa-Francorchamps,10,Lando Norris,McLaren,GBR,4,1:40.884,1:38.818,1:38.891,1:38.891,+1.891,Q3
14,Belgian Grand Prix,Circuit de Spa-Francorchamps,11,Fernando Alonso,Aston Martin,ESP,14,1:39.243,1:39.736,,1:39.736,+2.736,Q2
14,Belgian Grand Prix,Circuit de Spa-Francorchamps,12,Lance Stroll,Aston Martin,CAN,18,1:39.269,1:38.950,,1:38.950,+1.950,Q2
14,Belgian Grand Prix,Circuit de Spa-Francorchamps,13,Alex Albon,Williams,THA,23,1:39.297,1:39.504,,1:39.504,+2.504,Q2
14,Belgian Grand Prix,Circuit de Spa-Francorchamps,14,Kevin Magnussen,Haas,DEN,20,1:40.883,1:38.776,,1:38.776,+1.776,Q2
14,Belgian Grand Prix,Circuit de Spa-Francorchamps,15,Yuki Tsunoda,RB,JPN,22,1:40.167,1:39.747,,1:39.747,+2.747,Q2
14,Belgian Grand Prix,Circuit de Spa-Francorchamps,16,Nico Hulkenberg,Haas,GER,27,1:40.108,,,1:40.108,+3.108,Q1
14,Belgian Grand Prix,Circuit de Spa-Francorchamps,17,Logan Sargeant,Williams,USA,2,1:39.947,,,1:39.947,+2.947,Q1
14,Belgian Grand Prix,Circuit de Spa-Francorchamps,18,Daniel Ricciardo,RB,AUS,3,1:40.697,,,1:40.697,+3.697,Q1
14,Belgian Grand Prix,Circuit de Spa-Francorchamps,19,Valtteri Bottas,Kick Sauber,FIN,77,1:39.459,,,1:39.459,+2.459,Q1
14,Belgian Grand Prix,Circuit de Spa-Francorchamps,20,Zhou Guanyu,Kick Sauber,CHN,24,1:41.127,,,1:41.127,+4.127,Q1
15,Dutch Grand Prix,Circuit Zandvoort,1,Lewis Hamilton,Mercedes,GBR,44,1:41.425,1:40.667,1:40.542,1:40.542,Pole,Q3
15,Dutch Grand Prix,Circuit Zandvoort,2,Carlos Sainz,Ferrari,ESP,55,1:40.136,1:41.506,1:40.574,1:40.574,+0.574,Q3
15,Dutch Grand Prix,Circuit Zandvoort,3,Sergio Perez,Red Bull Racing,MEX,11,1:40.800,1:41.525,1:40.991,1:40.991,+0.991,Q3
15,Dutch Grand Prix,Circuit Zandvoort,4,George Russell,Mercedes,GBR,63,1:40.759,1:40.841,1:41.038,1:41.038,+1.038,Q3
15,Dutch Grand Prix,Circuit Zandvoort,5,Charles Leclerc,Ferrari,MON,16,1:41.627,1:41.878,1:41.324,1:41.324,+1.324,Q3
15,Dutch Grand Prix,Circuit Zandvoort,6,Max Verstappen,Red Bull Racing,NED,1,1:42.109,1:41.608,1:41.311,1:41.311,+1.311,Q3
15,Dutch Grand Prix,Circuit Zandvoort,7,Lando Norris,McLaren,GBR,4,1:41.650,1:41.008,1:40.415,1:40.415,+0.415,Q3
15,Dutch Grand Prix,Circuit Zandvoort,8,Esteban Ocon,Alpine,FRA,31,1:43.242,1:42.382,1:40.534,1:40.534,+0.534,Q3
15,Dutch Grand Prix,Circuit Zandvoort,9,Pierre Gasly,Alpine,FRA,10,1:41.343,1:41.827,1:41.021,1:41.021,+1.021,Q3
15,Dutch Grand Prix,Circuit Zandvoort,10,Lance Stroll,Aston Martin,CAN,18,1:43.374,1:40.885,1:41.750,1:41.750,+1.750,Q3
15,Dutch Grand Prix,Circuit Zandvoort,11,Oscar Piastri,McLaren,AUS,81,1:42.160,1:40.804,,1:40.804,+0.804,Q2
15,Dutch Grand Prix,Circuit Zandvoort,12,Fernando Alonso,Aston Martin,ESP,14,1:42.731,1:41.314,,1:41.314,+1.314,Q2
15,Dutch Grand Prix,Circuit Zandvoort,13,Valtteri Bottas,Kick Sauber,FIN,77,1:42.454,1:42.920,,1:42.920,+2.920,Q2
15,Dutch Grand Prix,Circuit Zandvoort,14,Zhou Guanyu,Kick Sauber,CHN,24,1:41.788,1:41.962,,1:41.962,+1.962,Q2
15,Dutch Grand Prix,Circuit Zandvoort,15,Nico Hulkenberg,Haas,GER,27,1:42.562,1:43.086,,1:43.086,+3.086,Q2
15,Dutch Grand Prix,Circuit Zandvoort,16,Kevin Magnussen,Haas,DEN,20,1:41.937,,,1:41.937,+1.937,Q1
15,Dutch Grand Prix,Circuit Zandvoort,17,Daniel Ricciardo,RB,AUS,3,1:43.579,,,1:43.579,+3.579,Q1
15,Dutch Grand Prix,Circuit Zandvoort,18,Logan Sargeant,Williams,USA,2,1:41.747,,,1:41.747,+1.747,Q1
15,Dutch Grand Prix,Circuit Zandvoort,19,Alex Albon,Williams,THA,23,1:42.046,,,1:42.046,+2.046,Q1
15,Dutch Grand Prix,Circuit Zandvoort,20,Yuki Tsunoda,RB,JPN,22,1:42.814,,,1:42.814,+2.814,Q1
16,Italian Grand Prix,Autodromo Nazionale di Monza,1,Max Verstappen,Red Bull Racing,NED,1,1:18.797,1:17.136,1:17.842,1:17.842,Pole,Q3
16,Italian Grand Prix,Autodromo Nazionale di Monza,2,George Russell,Mercedes,GBR,63,1:19.948,1:18.426,1:17.217,1:17.217,+0.217,Q3
16,Italian Grand Prix,Autodromo Nazionale di Monza,3,Sergio Perez,Red Bull Racing,MEX,11,1:17.213,1:18.206,1:17.905,1:17.905,+0.905,Q3
16,Italian Grand Prix,Autodromo Nazionale di Monza,4,Carlos Sainz,Ferrari,ESP,55,1:19.663,1:18.212,1:17.741,1:17.741,+0.741,Q3
16,Italian Grand Prix,Autodromo Nazionale di Monza,5,Lewis Hamilton,Mercedes,GBR,44,1:19.596,1:18.728,1:17.255,1:17.255,+0.255,Q3
16,Italian Grand Prix,Autodromo Nazionale di Monza,6,Charles Leclerc,Ferrari,MON,16,1:19.003,1:18.365,1:18.542,1:18.542,+1.542,Q3
16,Italian Grand Prix,Autodromo Nazionale di Monza,7,Lance Stroll,Aston Martin,CAN,18,1:18.183,1:18.873,1:17.302,1:17.302,+0.302,Q3
16,Italian Grand Prix,Autodromo Nazionale di Monza,8,Pierre Gasly,Alpine,FRA,10,1:18.683,1:19.377,1:17.902,1:17.902,+0.902,Q3
16,Italian Grand Prix,Autodromo Nazionale di Monza,9,Lando Norris,McLaren,GBR,4,1:18.282,1:17.977,1:18.281,1:18.281,+1.281,Q3
16,Italian Grand Prix,Autodromo Nazionale di Monza,10,Oscar Piastri,McLaren,AUS,81,1:19.662,1:18.436,1:17.749,1:17.749,+0.749,Q3
16,Italian Grand Prix,Autodromo Nazionale di Monza,11,Esteban Ocon,Alpine,FRA,31,1:18.713,1:18.837,,1:18.837,+1.837,Q2
16,Italian Grand Prix,Autodromo Nazionale di Monza,12,Fernando Alonso,Aston Martin,ESP,14,1:20.494,1:18.312,,1:18.312,+1.312,Q2
16,Italian Grand Prix,Autodromo Nazionale di Monza,13,Daniel Ricciardo,RB,AUS,3,1:19.615,1:19.528,,1:19.528,+2.528,Q2
16,Italian Grand Prix,Autodromo Nazionale di Monza,14,Kevin Magnussen,Haas,DEN,20,1:19.025,1:18.911,,1:18.911,+1.911,Q2
16,Italian Grand Prix,Autodromo Nazionale di Monza,15,Valtteri Bottas,Kick Sauber,FIN,77,1:21.276,1:18.732,,1:18.732,+1.732,Q2
16,Italian Grand Prix,Autodromo Nazionale di Monza,16,Yuki Tsunoda,RB,JPN,22,1:18.668,,,1:18.668,+1.668,Q1
16,Italian Grand Prix,Autodromo Nazionale di Monza,17,Zhou Guanyu,Kick Sauber,CHN,24,1:19.675,,,1:19.675,+2.675,Q1
16,Italian Grand Prix,Autodromo Nazionale di Monza,18,Logan Sargeant,Williams,USA,2,1:18.740,,,1:18.740,+1.740,Q1
16,Italian Grand Prix,Autodromo Nazionale di Monza,19,Alex Albon,Williams,THA,23,1:20.279,,,1:20.279,+3.279,Q1
16,Italian Grand Prix,Autodromo Nazionale di Monza,20,Nico Hulkenberg,Haas,GER,27,1:19.150,,,1:19.150,+2.150,Q1
17,Azerbaijan Grand Prix,Baku City Circuit,1,Max Verstappen,Red Bull Racing,NED,1,1:17.229,1:17.346,1:16.780,1:16.780,Pole,Q3
17,Azerbaijan Grand Prix,Baku City Circuit,2,Carlos Sainz,Ferrari,ESP,55,1:16.312,1:17.797,1:16.483,1:16.483,+0.483,Q3
17,Azerbaijan Grand Prix,Baku City Circuit,3,Sergio Perez,Red Bull Racing,MEX,11,1:17.284,1:17.756,1:17.548,1:17.548,+1.548,Q3
17,Azerbaijan Grand Prix,Baku City Circuit,4,Lewis Hamilton,Mercedes,GBR,44,1:16.614,1:17.129,1:16.927,1:16.927,+0.927,Q3
17,Azerbaijan Grand Prix,Baku City Circuit,5,Charles Leclerc,Ferrari,MON,16,1:17.350,1:16.769,1:17.371,1:17.371,+1.371,Q3
17,Azerbaijan Grand Prix,Baku City Circuit,6,George Russell,Mercedes,GBR,63,1:16.780,1:17.368,1:17.258,1:17.258,+1.258,Q3
17,Azerbaijan Grand Prix,Baku City Circuit,7,Lando Norris,McLaren,GBR,4,1:16.886,1:17.876,1:16.505,1:16.505,+0.505,Q3
17,Azerbaijan Grand Prix,Baku City Circuit,8,Oscar Piastri,McLaren,AUS,81,1:17.687,1:17.639,1:16.890,1:16.890,+0.890,Q3
17,Azerbaijan Grand Prix,Baku City Circuit,9,Lance Stroll,Aston Martin,CAN,18,1:18.933,1:16.699,1:17.658,1:17.658,+1.658,Q3
17,Azerbaijan Grand Prix,Baku City Circuit,10,Esteban Ocon,Alpine,FRA,31,1:17.912,1:17.223,1:16.943,1:16.943,+0.943,Q3
17,Azerbaijan Grand Prix,Baku City Circuit,11,Pierre Gasly,Alpine,FRA,10,1:18.597,1:18.392,,1:18.392,+2.392,Q2
17,Azerbaijan Grand Prix,Baku City Circuit,12,Fernando Alonso,Aston Martin,ESP,14,1:17.397,1:18.726,,1:18.726,+2.726,Q2
17,Azerbaijan Grand Prix,Baku City Circuit,13,Kevin Magnussen,Haas,DEN,20,1:19.987,1:17.762,,1:17.762,+1.762,Q2
17,Azerbaijan Grand Prix,Baku City Circuit,14,Nico Hulkenberg,Haas,GER,27,1:20.241,1:18.355,,1:18.355,+2.355,Q2
17,Azerbaijan Grand Prix,Baku City Circuit,15,Yuki Tsunoda,RB,JPN,22,1:18.354,1:18.998,,1:18.998,+2.998,Q2
17,Azerbaijan Grand Prix,Baku City Circuit,16,Valtteri Bottas,Kick Sauber,FIN,77,1:20.059,,,1:20.059,+4.059,Q1
17,Azerbaijan Grand Prix,Baku City Circuit,17,Alex Albon,Williams,THA,23,1:17.963,,,1:17.963,+1.963,Q1
17,Azerbaijan Grand Prix,Baku City Circuit,18,Logan Sargeant,Williams,USA,2,1:20.480,,,1:20.480,+4.480,Q1
17,Azerbaijan Grand Prix,Baku City Circuit,19,Daniel Ricciardo,RB,AUS,3,1:19.181,,,1:19.181,+3.181,Q1
17,Azerbaijan Grand Prix,Baku City Circuit,20,Zhou Guanyu,Kick Sauber,CHN,24,1:19.365,,,1:19.365,+3.365,Q1
18,Singapore Grand Prix,Marina Bay Street Circuit,1,George Russell,Mercedes,GBR,63,1:30.726,1:29.386,1:28.172,1:28.172,Pole,Q3
18,Singapore Grand Prix,Marina Bay Street Circuit,2,Max Verstappen,Red Bull Racing,NED,1,1:29.056,1:29.904,1:29.321,1:29.321,+1.321,Q3
18,Singapore Grand Prix,Marina Bay Street Circuit,3,Lewis Hamilton,Mercedes,GBR,44,1:29.838,1:29.915,1:28.818,1:28.818,+0.818,Q3
18,Singapore Grand Prix,Marina Bay Street Circuit,4,Charles Leclerc,Ferrari,MON,16,1:30.499,1:28.702,1:29.474,1:29.474,+1.474,Q3
18,Singapore Grand Prix,Marina Bay Street Circuit,5,Sergio Perez,Red Bull Racing,MEX,11,1:29.178,1:29.739,1:28.861,1:28.861,+0.861,Q3
18,Singapore Grand Prix,Marina Bay Street Circuit,6,Carlos Sainz,Ferrari,ESP,55,1:29.326,1:28.596,1:29.174,1:29.174,+1.174,Q3
18,Singapore Grand Prix,Marina Bay Street Circuit,7,Fernando Alonso,Aston Martin,ESP,14,1:30.436,1:29.088,1:29.651,1:29.651,+1.651,Q3
18,Singapore Grand Prix,Marina Bay Street Circuit,8,Pierre Gasly,Alpine,FRA,10,1:29.807,1:29.683,1:29.547,1:29.547,+1.547,Q3
18,Singapore Grand Prix,Marina Bay Street Circuit,9,Lance Stroll,Aston Martin,CAN,18,1:31.742,1:29.428,1:29.739,1:29.739,+1.739,Q3
18,Singapore Grand Prix,Marina Bay Street Circuit,10,Oscar Piastri,McLaren,AUS,81,1:28.947,1:30.157,1:29.744,1:29.744,+1.744,Q3
18,Singapore Grand Prix,Marina Bay Street Circuit,11,Lando Norris,McLaren,GBR,4,1:30.788,1:30.502,,1:30.502,+2.502,Q2
18,Singapore Grand Prix,Marina Bay Street Circuit,12,Esteban Ocon,Alpine,FRA,31,1:31.281,1:30.742,,1:30.742,+2.742,Q2
18,Singapore Grand Prix,Marina Bay Street Circuit,13,Logan Sargeant,Williams,USA,2,1:30.666,1:29.726,,1:29.726,+1.726,Q2
18,Singapore Grand Prix,Marina Bay Street Circuit,14,Nico Hulkenberg,Haas,GER,27,1:30.226,1:29.591,,1:29.591,+1.591,Q2
18,Singapore Grand Prix,Marina Bay Street Circuit,15,Yuki Tsunoda,RB,JPN,22,1:31.649,1:29.438,,1:29.438,+1.438,Q2
18,Singapore Grand Prix,Marina Bay Street Circuit,16,Alex Albon,Williams,THA,23,1:31.433,,,1:31.433,+3.433,Q1
18,Singapore Grand Prix,Marina Bay Street Circuit,17,Valtteri Bottas,Kick Sauber,FIN,77,1:31.855,,,1:31.855,+3.855,Q1
18,Singapore Grand Prix,Marina Bay Street Circuit,18,Daniel Ricciardo,RB,AUS,3,1:31.276,,,1:31.276,+3.276,Q1
18,Singapore Grand Prix,Marina Bay Street Circuit,19,Kevin Magnussen,Haas,DEN,20,1:30.776,,,1:30.776,+2.776,Q1
18,Singapore Grand Prix,Marina Bay Street Circuit,20,Zhou Guanyu,Kick Sauber,CHN,24,1:32.364,,,1:32.364,+4.364,Q1
19,United States Grand Prix,Circuit of the Americas,1,George Russell,Mercedes,GBR,63,1:45.767,1:46.201,1:45.173,1:45.173,Pole,Q3
19,United States Grand Prix,Circuit of the Americas,2,Lewis Hamilton,Mercedes,GBR,44,1:47.173,1:46.145,1:45.297,1:45.297,+0.297,Q3
19,United States Grand Prix,Circuit of the Americas,3,Carlos Sainz,Ferrari,ESP,55,1:45.956,1:45.585,1:46.239,1:46.239,+1.239,Q3
19,United States Grand Prix,Circuit of the Americas,4,Max Verstappen,Red Bull Racing,NED,1,1:46.007,1:45.285,1:45.877,1:45.877,+0.877,Q3
19,United States Grand Prix,Circuit of the Americas,5,Sergio Perez,Red Bull Racing,MEX,11,1:46.130,1:45.814,1:45.817,1:45.817,+0.817,Q3
19,United States Grand Prix,Circuit of the Americas,6,Charles Leclerc,Ferrari,MON,16,1:47.229,1:46.615,1:45.979,1:45.979,+0.979,Q3
19,United States Grand Prix,Circuit of the Americas,7,Pierre Gasly,Alpine,FRA,10,1:47.687,1:45.722,1:46.680,1:46.680,+1.680,Q3
19,United States Grand Prix,Circuit of the Americas,8,Lando Norris,McLaren,GBR,4,1:47.748,1:46.811,1:45.572,1:45.572,+0.572,Q3
19,United States Grand Prix,Circuit of the Americas,9,Lance Stroll,Aston Martin,CAN,18,1:48.396,1:46.249,1:45.682,1:45.682,+0.682,Q3
19,United States Grand Prix,Circuit of the Americas,10,Oscar Piastri,McLaren,AUS,81,1:47.447,1:46.792,1:45.860,1:45.860,+0.860,Q3
19,United States Grand Prix,Circuit of the Americas,11,Esteban Ocon,Alpine,FRA,31,1:47.667,1:47.128,,1:47.128,+2.128,Q2
19,United States Grand Prix,Circuit of the Americas,12,Fernando Alonso,Aston Martin,ESP,14,1:47.041,1:46.355,,1:46.355,+1.355,Q2
19,United States Grand Prix,Circuit of the Americas,13,Daniel Ricciardo,RB,AUS,3,1:46.412,1:46.971,,1:46.971,+1.971,Q2
19,United States Grand Prix,Circuit of the Americas,14,Nico Hulkenberg,Haas,GER,27,1:48.945,1:47.340,,1:47.340,+2.340,Q2
19,United States Grand Prix,Circuit of the Americas,15,Kevin Magnussen,Haas,DEN,20,1:48.285,1:46.954,,1:46.954,+1.954,Q2
19,United States Grand Prix,Circuit of the Americas,16,Valtteri Bottas,Kick Sauber,FIN,77,1:47.466,,,1:47.466,+2.466,Q1
19,United States Grand Prix,Circuit of the Americas,17,Zhou Guanyu,Kick Sauber,CHN,24,1:47.425,,,1:47.425,+2.425,Q1
19,United States Grand Prix,Circuit of the Americas,18,Yuki Tsunoda,RB,JPN,22,1:49.668,,,1:49.668,+4.668,Q1
19,United States Grand Prix,Circuit of the Americas,19,Logan Sargeant,Williams,USA,2,1:47.001,,,1:47.001,+2.001,Q1
19,United States Grand Prix,Circuit of the Americas,20,Alex Albon,Williams,THA,23,1:47.216,,,1:47.216,+2.216,Q1
20,Mexico City Grand Prix,Autodromo Hermanos Rodriguez,1,George Russell,Mercedes,GBR,63,1:32.992,1:32.076,1:31.397,1:31.397,Pole,Q3
20,Mexico City Grand Prix,Autodromo Hermanos Rodriguez,2,Max Verstappen,Red Bull Racing,NED,1,1:31.788,1:32.202,1:32.334,1:32.334,+1.334,Q3
20,Mexico City Grand Prix,Autodromo Hermanos Rodriguez,3,Sergio Perez,Red Bull Racing,MEX,11,1:31.805,1:32.904,1:32.368,1:32.368,+1.368,Q3
20,Mexico City Grand Prix,Autodromo Hermanos Rodriguez,4,Lewis Hamilton,Mercedes,GBR,44,1:34.162,1:32.215,1:31.956,1:31.956,+0.956,Q3
20,Mexico City Grand Prix,Autodromo Hermanos Rodriguez,5,Carlos Sainz,Ferrari,ESP,55,1:33.039,1:31.756,1:31.843,1:31.843,+0.843,Q3
20,Mexico City Grand Prix,Autodromo Hermanos Rodriguez,6,Charles Leclerc,Ferrari,MON,16,1:32.187,1:32.422,1:32.577,1:32.577,+1.577,Q3
20,Mexico City Grand Prix,Autodromo Hermanos Rodriguez,7,Fernando Alonso,Aston Martin,ESP,14,1:33.860,1:33.324,1:31.408,1:31.408,+0.408,Q3
20,Mexico City Grand Prix,Autodromo Hermanos Rodriguez,8,Pierre Gasly,Alpine,FRA,10,1:33.169,1:32.202,1:32.157,1:32.157,+1.157,Q3
20,Mexico City Grand Prix,Autodromo Hermanos Rodriguez,9,Esteban Ocon,Alpine,FRA,31,1:32.264,1:31.980,1:32.124,1:32.124,+1.124,Q3
20,Mexico City Grand Prix,Autodromo Hermanos Rodriguez,10,Lance Stroll,Aston Martin,CAN,18,1:34.635,1:32.158,1:32.449,1:32.449,+1.449,Q3
20,Mexico City Grand Prix,Autodromo Hermanos Rodriguez,11,Lando Norris,McLaren,GBR,4,1:32.201,1:32.775,,1:32.775,+1.775,Q2
20,Mexico City Grand Prix,Autodromo Hermanos Rodriguez,12,Oscar Piastri,McLaren,AUS,81,1:32.680,1:33.036,,1:33.036,+2.036,Q2
20,Mexico City Grand Prix,Autodromo Hermanos Rodriguez,13,Logan Sargeant,Williams,USA,2,1:32.668,1:33.380,,1:33.380,+2.380,Q2
20,Mexico City Grand Prix,Autodromo Hermanos Rodriguez,14,Daniel Ricciardo,RB,AUS,3,1:33.867,1:32.998,,1:32.998,+1.998,Q2
20,Mexico City Grand Prix,Autodromo Hermanos Rodriguez,15,Zhou Guanyu,Kick Sauber,CHN,24,1:32.461,1:33.826,,1:33.826,+2.826,Q2
20,Mexico City Grand Prix,Autodromo Hermanos Rodriguez,16,Kevin Magnussen,Haas,DEN,20,1:34.933,,,1:34.933,+3.933,Q1
20,Mexico City Grand Prix,Autodromo Hermanos Rodriguez,17,Nico Hulkenberg,Haas,GER,27,1:34.896,,,1:34.896,+3.896,Q1
20,Mexico City Grand Prix,Autodromo Hermanos Rodriguez,18,Alex Albon,Williams,THA,23,1:34.236,,,1:34.236,+3.236,Q1
20,Mexico City Grand Prix,Autodromo Hermanos Rodriguez,19,Valtteri Bottas,Kick Sauber,FIN,77,1:35.505,,,1:35.505,+4.505,Q1
20,Mexico City Grand Prix,Autodromo Hermanos Rodriguez,20,Yuki Tsunoda,RB,JPN,22,1:35.739,,,1:35.739,+4.739,Q1
21,Brazilian Grand Prix,Autodromo Jose Carlos Pace,1,Charles Leclerc,Ferrari,MON,16,1:29.836,1:28.014,1:28.907,1:28.907,Pole,Q3
21,Brazilian Grand Prix,Autodromo Jose Carlos Pace,2,Sergio Perez,Red Bull Racing,MEX,11,1:28.682,1:29.719,1:28.750,1:28.750,+0.750,Q3
21,Brazilian Grand Prix,Autodromo Jose Carlos Pace,3,Lewis Hamilton,Mercedes,GBR,44,1:29.064,1:29.672,1:29.309,1:29.309,+1.309,Q3
21,Brazilian Grand Prix,Autodromo Jose Carlos Pace,4,Max Verstappen,Red Bull Racing,NED,1,1:30.155,1:28.793,1:29.071,1:29.071,+1.071,Q3
21,Brazilian Grand Prix,Autodromo Jose Carlos Pace,5,George Russell,Mercedes,GBR,63,1:31.234,1:30.046,1:28.344,1:28.344,+0.344,Q3
21,Brazilian Grand Prix,Autodromo Jose Carlos Pace,6,Carlos Sainz,Ferrari,ESP,55,1:28.942,1:30.125,1:28.659,1:28.659,+0.659,Q3
21,Brazilian Grand Prix,Autodromo Jose Carlos Pace,7,Pierre Gasly,Alpine,FRA,10,1:30.359,1:29.416,1:29.708,1:29.708,+1.708,Q3
21,Brazilian Grand Prix,Autodromo Jose Carlos Pace,8,Oscar Piastri,McLaren,AUS,81,1:31.229,1:29.218,1:28.789,1:28.789,+0.789,Q3
21,Brazilian Grand Prix,Autodromo Jose Carlos Pace,9,Lando Norris,McLaren,GBR,4,1:28.831,1:28.731,1:29.527,1:29.527,+1.527,Q3
21,Brazilian Grand Prix,Autodromo Jose Carlos Pace,10,Lance Stroll,Aston Martin,CAN,18,1:31.857,1:29.578,1:29.521,1:29.521,+1.521,Q3
21,Brazilian Grand Prix,Autodromo Jose Carlos Pace,11,Esteban Ocon,Alpine,FRA,31,1:29.721,1:30.324,,1:30.324,+2.324,Q2
21,Brazilian Grand Prix,Autodromo Jose Carlos Pace,12,Fernando Alonso,Aston Martin,ESP,14,1:31.757,1:29.857,,1:29.857,+1.857,Q2
21,Brazilian Grand Prix,Autodromo Jose Carlos Pace,13,Daniel Ricciardo,RB,AUS,3,1:29.612,1:29.661,,1:29.661,+1.661,Q2
21,Brazilian Grand Prix,Autodromo Jose Carlos Pace,14,Kevin Magnussen,Haas,DEN,20,1:29.334,1:29.413,,1:29.413,+1.413,Q2
21,Brazilian Grand Prix,Autodromo Jose Carlos Pace,15,Alex Albon,Williams,THA,23,1:30.890,1:30.745,,1:30.745,+2.745,Q2
21,Brazilian Grand Prix,Autodromo Jose Carlos Pace,16,Nico Hulkenberg,Haas,GER,27,1:29.644,,,1:29.644,+1.644,Q1
21,Brazilian Grand Prix,Autodromo Jose Carlos Pace,17,Yuki Tsunoda,RB,JPN,22,1:31.363,,,1:31.363,+3.363,Q1
21,Brazilian Grand Prix,Autodromo Jose Carlos Pace,18,Zhou Guanyu,Kick Sauber,CHN,24,1:31.304,,,1:31.304,+3.304,Q1
21,Brazilian Grand Prix,Autodromo Jose Carlos Pace,19,Valtteri Bottas,Kick Sauber,FIN,77,1:32.661,,,1:32.661,+4.661,Q1
21,Brazilian Grand Prix,Autodromo Jose Carlos Pace,20,Logan Sargeant,Williams,USA,2,1:30.048,,,1:30.048,+2.048,Q1
22,Las Vegas Grand Prix,Las Vegas Street Circuit,1,Sergio Perez,Red Bull Racing,MEX,11,1:41.768,1:39.258,1:39.783,1:39.783,Pole,Q3
22,Las Vegas Grand Prix,Las Vegas Street Circuit,2,Charles Leclerc,Ferrari,MON,16,1:41.874,1:39.340,1:39.564,1:39.564,+0.564,Q3
22,Las Vegas Grand Prix,Las Vegas Street Circuit,3,Carlos Sainz,Ferrari,ESP,55,1:39.558,1:39.191,1:40.400,1:40.400,+1.400,Q3
22,Las Vegas Grand Prix,Las Vegas Street Circuit,4,Lewis Hamilton,Mercedes,GBR,44,1:40.200,1:40.342,1:39.360,1:39.360,+0.360,Q3
22,Las Vegas Grand Prix,Las Vegas Street Circuit,5,George Russell,Mercedes,GBR,63,1:41.297,1:39.818,1:40.216,1:40.216,+1.216,Q3
22,Las Vegas Grand Prix,Las Vegas Street Circuit,6,Max Verstappen,Red Bull Racing,NED,1,1:41.318,1:40.948,1:39.955,1:39.955,+0.955,Q3
22,Las Vegas Grand Prix,Las Vegas Street Circuit,7,Pierre Gasly,Alpine,FRA,10,1:41.266,1:40.498,1:39.642,1:39.642,+0.642,Q3
22,Las Vegas Grand Prix,Las Vegas Street Circuit,8,Esteban Ocon,Alpine,FRA,31,1:42.253,1:40.610,1:40.585,1:40.585,+1.585,Q3
22,Las Vegas Grand Prix,Las Vegas Street Circuit,9,Lance Stroll,Aston Martin,CAN,18,1:39.919,1:39.799,1:40.291,1:40.291,+1.291,Q3
22,Las Vegas Grand Prix,Las Vegas Street Circuit,10,Fernando Alonso,Aston Martin,ESP,14,1:42.401,1:40.848,1:39.538,1:39.538,+0.538,Q3
22,Las Vegas Grand Prix,Las Vegas Street Circuit,11,Lando Norris,McLaren,GBR,4,1:42.925,1:41.342,,1:41.342,+2.342,Q2
22,Las Vegas Grand Prix,Las Vegas Street Circuit,12,Oscar Piastri,McLaren,AUS,81,1:41.860,1:40.142,,1:40.142,+1.142,Q2
22,Las Vegas Grand Prix,Las Vegas Street Circuit,13,Nico Hulkenberg,Haas,GER,27,1:42.208,1:41.543,,1:41.543,+2.543,Q2
22,Las Vegas Grand Prix,Las Vegas Street Circuit,14,Alex Albon,Williams,THA,23,1:42.159,1:40.361,,1:40.361,+1.361,Q2
22,Las Vegas Grand Prix,Las Vegas Street Circuit,15,Kevin Magnussen,Haas,DEN,20,1:40.667,1:41.218,,1:41.218,+2.218,Q2
22,Las Vegas Grand Prix,Las Vegas Street Circuit,16,Logan Sargeant,Williams,USA,2,1:40.599,,,1:40.599,+1.599,Q1
22,Las Vegas Grand Prix,Las Vegas Street Circuit,17,Valtteri Bottas,Kick Sauber,FIN,77,1:42.755,,,1:42.755,+3.755,Q1
22,Las Vegas Grand Prix,Las Vegas Street Circuit,18,Zhou Guanyu,Kick Sauber,CHN,24,1:43.416,,,1:43.416,+4.416,Q1
22,Las Vegas Grand Prix,Las Vegas Street Circuit,19,Daniel Ricciardo,RB,AUS,3,1:43.372,,,1:43.372,+4.372,Q1
22,Las Vegas Grand Prix,Las Vegas Street Circuit,20,Yuki Tsunoda,RB,JPN,22,1:42.334,,,1:42.334,+3.334,Q1
23,Qatar Grand Prix,Lusail International Circuit,1,Lewis Hamilton,Mercedes,GBR,44,1:35.457,1:34.241,1:34.082,1:34.082,Pole,Q3
23,Qatar Grand Prix,Lusail International Circuit,2,Charles Leclerc,Ferrari,MON,16,1:34.057,1:33.095,1:33.395,1:33.395,+0.395,Q3
23,Qatar Grand Prix,Lusail International Circuit,3,Sergio Perez,Red Bull Racing,MEX,11,1:34.262,1:34.051,1:34.342,1:34.342,+1.342,Q3
23,Qatar Grand Prix,Lusail International Circuit,4,Max Verstappen,Red Bull Racing,NED,1,1:35.761,1:33.286,1:34.117,1:34.117,+1.117,Q3
23,Qatar Grand Prix,Lusail International Circuit,5,Carlos Sainz,Ferrari,ESP,55,1:35.257,1:34.909,1:33.974,1:33.974,+0.974,Q3
23,Qatar Grand Prix,Lusail International Circuit,6,George Russell,Mercedes,GBR,63,1:35.319,1:35.177,1:33.707,1:33.707,+0.707,Q3
23,Qatar Grand Prix,Lusail International Circuit,7,Esteban Ocon,Alpine,FRA,31,1:35.448,1:34.456,1:34.260,1:34.260,+1.260,Q3
23,Qatar Grand Prix,Lusail International Circuit,8,Fernando Alonso,Aston Martin,ESP,14,1:35.025,1:33.665,1:33.779,1:33.779,+0.779,Q3
23,Qatar Grand Prix,Lusail International Circuit,9,Lando Norris,McLaren,GBR,4,1:36.332,1:35.119,1:33.865,1:33.865,+0.865,Q3
23,Qatar Grand Prix,Lusail International Circuit,10,Oscar Piastri,McLaren,AUS,81,1:36.027,1:35.641,1:33.905,1:33.905,+0.905,Q3
23,Qatar Grand Prix,Lusail International Circuit,11,Pierre Gasly,Alpine,FRA,10,1:35.742,1:35.108,,1:35.108,+2.108,Q2
23,Qatar Grand Prix,Lusail International Circuit,12,Lance Stroll,Aston Martin,CAN,18,1:36.096,1:35.373,,1:35.373,+2.373,Q2
23,Qatar Grand Prix,Lusail International Circuit,13,Nico Hulkenberg,Haas,GER,27,1:36.541,1:34.302,,1:34.302,+1.302,Q2
23,Qatar Grand Prix,Lusail International Circuit,14,Logan Sargeant,Williams,USA,2,1:34.808,1:35.023,,1:35.023,+2.023,Q2
23,Qatar Grand Prix,Lusail International Circuit,15,Valtteri Bottas,Kick Sauber,FIN,77,1:35.361,1:36.100,,1:36.100,+3.100,Q2
23,Qatar Grand Prix,Lusail International Circuit,16,Zhou Guanyu,Kick Sauber,CHN,24,1:35.185,,,1:35.185,+2.185,Q1
23,Qatar Grand Prix,Lusail International Circuit,17,Yuki Tsunoda,RB,JPN,22,1:36.774,,,1:36.774,+3.774,Q1
23,Qatar Grand Prix,Lusail International Circuit,18,Kevin Magnussen,Haas,DEN,20,1:37.384,,,1:37.384,+4.384,Q1
23,Qatar Grand Prix,Lusail International Circuit,19,Alex Albon,Williams,THA,23,1:37.403,,,1:37.403,+4.403,Q1
23,Qatar Grand Prix,Lusail International Circuit,20,Daniel Ricciardo,RB,AUS,3,1:36.780,,,1:36.780,+3.780,Q1
24,Abu Dhabi Grand Prix,Yas Marina Circuit,1,Lewis Hamilton,Mercedes,GBR,44,1:44.437,1:45.822,1:44.246,1:44.246,Pole,Q3
24,Abu Dhabi Grand Prix,Yas Marina Circuit,2,George Russell,Mercedes,GBR,63,1:45.963,1:45.420,1:44.424,1:44.424,+0.424,Q3
24,Abu Dhabi Grand Prix,Yas Marina Circuit,3,Sergio Perez,Red Bull Racing,MEX,11,1:45.864,1:45.750,1:45.004,1:45.004,+1.004,Q3
24,Abu Dhabi Grand Prix,Yas Marina Circuit,4,Max Verstappen,Red Bull Racing,NED,1,1:46.100,1:44.288,1:45.495,1:45.495,+1.495,Q3
24,Abu Dhabi Grand Prix,Yas Marina Circuit,5,Charles Leclerc,Ferrari,MON,16,1:45.024,1:45.642,1:44.296,1:44.296,+0.296,Q3
24,Abu Dhabi Grand Prix,Yas Marina Circuit,6,Carlos Sainz,Ferrari,ESP,55,1:45.904,1:44.710,1:44.770,1:44.770,+0.770,Q3
24,Abu Dhabi Grand Prix,Yas Marina Circuit,7,Lance Stroll,Aston Martin,CAN,18,1:45.700,1:46.090,1:45.524,1:45.524,+1.524,Q3
24,Abu Dhabi Grand Prix,Yas Marina Circuit,8,Oscar Piastri,McLaren,AUS,81,1:45.427,1:46.197,1:44.797,1:44.797,+0.797,Q3
24,Abu Dhabi Grand Prix,Yas Marina Circuit,9,Esteban Ocon,Alpine,FRA,31,1:47.044,1:44.673,1:44.791,1:44.791,+0.791,Q3
24,Abu Dhabi Grand Prix,Yas Marina Circuit,10,Lando Norris,McLaren,GBR,4,1:45.589,1:45.892,1:45.166,1:45.166,+1.166,Q3
24,Abu Dhabi Grand Prix,Yas Marina Circuit,11,Fernando Alonso,Aston Martin,ESP,14,1:45.525,1:45.643,,1:45.643,+1.643,Q2
24,Abu Dhabi Grand Prix,Yas Marina Circuit,12,Pierre Gasly,Alpine,FRA,10,1:46.654,1:46.758,,1:46.758,+2.758,Q2
24,Abu Dhabi Grand Prix,Yas Marina Circuit,13,Logan Sargeant,Williams,USA,2,1:46.420,1:46.686,,1:46.686,+2.686,Q2
24,Abu Dhabi Grand Prix,Yas Marina Circuit,14,Yuki Tsunoda,RB,JPN,22,1:48.089,1:46.290,,1:46.290,+2.290,Q2
24,Abu Dhabi Grand Prix,Yas Marina Circuit,15,Zhou Guanyu,Kick Sauber,CHN,24,1:46.730,1:46.626,,1:46.626,+2.626,Q2
24,Abu Dhabi Grand Prix,Yas Marina Circuit,16,Valtteri Bottas,Kick Sauber,FIN,77,1:46.904,,,1:46.904,+2.904,Q1
24,Abu Dhabi Grand Prix,Yas Marina Circuit,17,Daniel Ricciardo,RB,AUS,3,1:47.458,,,1:47.458,+3.458,Q1
24,Abu Dhabi Grand Prix,Yas Marina Circuit,18,Alex Albon,Williams,THA,23,1:47.255,,,1:47.255,+3.255,Q1
24,Abu Dhabi Grand Prix,Yas Marina Circuit,19,Nico Hulkenberg,Haas,GER,27,1:46.355,,,1:46.355,+2.355,Q1
24,Abu Dhabi Grand Prix,Yas Marina Circuit,20,Kevin Magnussen,Haas,DEN,20,1:46.811,,,1:46.811,+2.811,Q1
